"Handle","Title","Option1 Name","Option1 Value","Variant Grams"
"ra-esb-1-10sd2","ESB 1.10SD2 — 10”/250 mm DVC 2+2Ω Subwoofer","Title","Default Title","4500"
"ra-esb-1-10sd4","ESB 1.10SD4 — 10”/250 mm DVC 4+4Ω Subwoofer","Title","Default Title","4500"
"ra-esb-1-6c","ESB 1.6C — 6.5”/165 mm Coaxial","Title","Default Title","1500"
"ra-esb-1-6k2x","ESB 1.6K2X — 2-Way Speaker System with 12dB Cross","Title","Default Title","3500"
"ra-esb-3-10d2","ESB 3.10D2 — 10”/250 mm DVC 2+2Ω Subwoofer","Title","Default Title","4500"
"ra-esb-3-10d4","ESB 3.10D4 — 10”/250 mm DVC 4+4Ω Subwoofer","Title","Default Title","4500"
"ra-esb-3-165","ESB 3.165 — 6.5”/165 mm Mid-Woofer","Title","Default Title","1300"
"ra-esb-3-25","ESB 3.25 — 1”/25 mm Silk Dome Tweeter","Title","Default Title","300"
"ra-esb-3-28","ESB 3.28 — 1.1”/28 mm Silk Dome Tweeter","Title","Default Title","300"
"ra-esb-3-65","ESB 3.65 — 2.5”/65 mm Cone Widerange","Title","Default Title","600"
"ra-esb-3-69","ESB 3.69 — 6x9”/150x230 mm Woofer","Title","Default Title","1600"
"ra-esb-3-69c","ESB 3.69C — 2-Way 6x9”/150x230 mm Convertible","Title","Default Title","1500"
"ra-esb-3-69k2-5","ESB 3.69K2.5 — Two-way 6&times","Title","Default Title","3500"
"ra-esb-3-6c","ESB 3.6C — 6.5”/165 mm Coaxial","Title","Default Title","1500"
"ra-esb-3-6k2","ESB 3.6K2 — 2-Way Speaker System (3.165 + 3.28)","Title","Default Title","3500"
"ra-esb-3-6k2-cx","ESB 3.6K2 CX — 2-Way Passive Crossover","Title","Default Title","500"
"ra-esb-3-6k2x","ESB 3.6K2X — 2-Way Speaker System (3.165 + 3.25 + Tw Cx)","Title","Default Title","3500"
"ra-esb-3-6k3","ESB 3.6K3 — 3-Way Speaker System (3.165 + 3.90 + 3.28)","Title","Default Title","3500"
"ra-esb-3-6k3-cx","ESB 3.6K3 CX — 3-Way Passive Crossover","Title","Default Title","500"
"ra-esb-3-6k3he-cx","ESB 3.6K3HE CX — 3-Way High-End Passive Crossover","Title","Default Title","500"
"ra-esb-3-6k3u","ESB 3.6K3U — 3-Way Speaker System (3.165 + 3.UMA)","Title","Default Title","3500"
"ra-esb-3-90","ESB 3.90 — 3.5”/90 mm Cone Midrange","Title","Default Title","600"
"ra-esb-3-uma","ESB 3.UMA — 2-Way Mid-High Unit","Title","Default Title","3500"
"ra-esb-3-wb6","ESB 3.WB6 — 6.5”/165 mm Active Ported Subwoofer","Title","Default Title","7700"
"ra-esb-3-wb8","ESB 3.WB8 — 8”/200 mm Active Ported Subwoofer","Title","Default Title","9700"
"ra-esb-4-100","ESB 4.100 — 4”/100 mm Cone Midrange (with Grille)","Title","Default Title","300"
"ra-esb-4-165","ESB 4.165 — 6.5”/165 mm Mid-Woofer","Title","Default Title","1300"
"ra-esb-4-28","ESB 4.28 — 1.1”/28 mm Silk Dome Tweeter","Title","Default Title","300"
"ra-esb-4-6c","ESB 4.6C — 6.5”/165 mm Coaxial","Title","Default Title","1500"
"ra-esb-4-6k2-cx","ESB 4.6K2 CX — 2-Way Passive Crossover","Title","Default Title","500"
"ra-esb-4-6k3-cx","ESB 4.6K3 CX — 3-Way Passive Crossover","Title","Default Title","500"
"ra-esb-4-75","ESB 4.75 — 3”/75 mm Cone Midrange","Title","Default Title","600"
"ra-esb-4-uma","ESB 4.UMA — 2-Way Mid-High Unit","Title","Default Title","3500"
"ra-esb-5-028","ESB 5.028 — 1.1”/28 mm Silk Dome Tweeter","Title","Default Title","300"
"ra-esb-5-050","ESB 5.050 — 2”/50 mm Dome Midrange","Title","Default Title","600"
"ra-esb-5-165","ESB 5.165 — 6.5”/165 mm Mid-Woofer","Title","Default Title","1300"
"ra-esb-5-6k2","ESB 5.6K2 — 2-Way Speaker System","Title","Default Title","3500"
"ra-esb-5-6k2-cx","ESB 5.6K2 CX — 2-Way Passive Crossover","Title","Default Title","500"
"ra-esb-5-6k2x","ESB 5.6K2X — 2-Way Speaker System with Crossover","Title","Default Title","3500"
"ra-esb-5-6k3","ESB 5.6K3 — 3-Way Speaker System","Title","Default Title","3500"
"ra-esb-5-6k3-cx","ESB 5.6K3 CX — 3-Way Passive Crossover","Title","Default Title","500"
"ra-esb-5-6k3u","ESB 5.6K3U — 3-Way Speaker System with UMA","Title","Default Title","3500"
"ra-esb-5-6k3ux","ESB 5.6K3UX — 3-Way Speaker System with UMA with Cross","Title","Default Title","3500"
"ra-esb-5-6k3x","ESB 5.6K3X — 3-Way Speaker System with Crossover","Title","Default Title","3500"
"ra-esb-5-pb","ESB 5.PB — Two-way bookshelf speakers in a piano-gloss cabinet (pair)","Title","Default Title","9000"
"ra-esb-5-uma","ESB 5.UMA — 2-Way Mid-High Unit","Title","Default Title","3500"
"ra-esb-6-5-grille","ESB 6.5&quot; Grille — Precision CNC-machined grille for the ESB 4.165 and 4.6C","Title","Default Title","300"
"ra-esb-8-003uma","ESB 8.003UMA — 2-Way Mid-High Unit","Title","Default Title","3500"
"ra-esb-8-028","ESB 8.028 — 1.1”/28 mm Silk Dome Tweeter (rounded)","Title","Default Title","300"
"ra-esb-8-028s","ESB 8.028S — 1.1”/28 mm Silk Dome Tweeter (squared)","Title","Default Title","300"
"ra-esb-8-075","ESB 8.075 — 3”/75 mm Cone Midrange","Title","Default Title","600"
"ra-esb-8-165","ESB 8.165 — 6.5”/165 mm Mid-Woofer","Title","Default Title","1300"
"ra-esb-8-6k2","ESB 8.6K2 — 2-Way Speaker System with 8.028R Tw","Title","Default Title","3500"
"ra-esb-8-6k2-cx","ESB 8.6K2 CX — Two-way passive crossover for the ESB 8000 component system","Title","Default Title","500"
"ra-esb-8-6k2s","ESB 8.6K2S — 2-Way Speaker System with 8.028S Tw","Title","Default Title","3500"
"ra-esb-8-6k3","ESB 8.6K3 — 3-Way Speaker System with 8.028R Tw","Title","Default Title","3500"
"ra-esb-8-6k3-cx","ESB 8.6K3 CX — Three-way passive crossover for the ESB 8000 component system","Title","Default Title","500"
"ra-esb-8-6k3s","ESB 8.6K3S — 3-Way Speaker System with 8.028S Tw","Title","Default Title","3500"
"ra-esb-8-6k3u","ESB 8.6K3U — 3-Way Speaker System with UMA","Title","Default Title","3500"
"ra-esb-8-pb","ESB 8.PB — Two-way bookshelf speakers in a piano-gloss cabinet (pair)","Title","Default Title","9000"
"ra-esb-8-sb","ESB 8.SB — Two-way bookshelf speakers on matching stands (pair)","Title","Default Title","9000"
"ra-esb-8-tb","ESB 8.TB — Three-way floor-standing tower for the ESB UMA (pair)","Title","Default Title","9000"
"ra-esb-9-1t-25","ESB 9.1T-25 — 1”/25 mm Silk Dome Tweeter","Title","Default Title","300"
"ra-esb-9-1t-28","ESB 9.1T-28 — 1.1”/28 mm Silk Dome Tweeter","Title","Default Title","300"
"ra-esb-9-1t-28-ring","ESB 9.1T-28 Ring — CNC-machined mounting ring for the ESB 9.1T-28 tweeter","Title","Default Title","300"
"ra-esb-9-3m","ESB 9.3M — 3”/75 mm Cone Midrange","Title","Default Title","600"
"ra-esb-9-3m-grille","ESB 9.3M Grille — CNC-machined grille for the ESB 9.3M midrange","Title","Default Title","300"
"ra-esb-9-4m","ESB 9.4M — 4”/100 mm Cone Midrange","Title","Default Title","600"
"ra-esb-9-4m-grille","ESB 9.4M Grille — CNC-machined grille for the ESB 9.4M midrange","Title","Default Title","300"
"ra-esb-9-6w","ESB 9.6W — 6.5”/165 mm Mid-Woofer","Title","Default Title","1300"
"ra-esb-9-6w-grille","ESB 9.6W Grille — CNC-machined grille for the ESB 9.6W woofer","Title","Default Title","300"
"ra-esb-9-uma","ESB 9.UMA — 2-Way Mid-High Unit","Title","Default Title","3500"
"ra-esb-a4-front-200","ESB A4 Front 200 — 2-Way Front System for Audi A4","Title","Default Title","3500"
"ra-esb-a4-q5-rear-165","ESB A4/Q5 Rear 165 — 2-Way Rear System for Audi A4/Q5","Title","Default Title","3500"
"ra-esb-a6-front-200","ESB A6 Front 200 — 2-Way Front System for Audi A6","Title","Default Title","3500"
"ra-esb-a6-rear-165","ESB A6 Rear 165 — 2-Way Rear System for Audi A6","Title","Default Title","3500"
"ra-esb-bmw-front-100","ESB BMW Front 100 — 3-Way Front System for BMW","Title","Default Title","3500"
"ra-esb-bmw-sub-1","ESB BMW Sub 1 — Underseat Subwoofer for BMW","Title","Default Title","4500"
"ra-esb-mb-coax-100","ESB MB Coax 100 — Coaxial Speakers for Mercedes-Benz","Title","Default Title","1500"
"ra-esb-mb-front-100","ESB MB Front 100 — 2-Way Front System for Mercedes-Benz","Title","Default Title","3500"
"ra-esb-mb-sub-200","ESB MB Sub 200 — Subwoofers L+R for Mercedes-Benz (pair)","Title","Default Title","4500"
"ra-esb-q5-front-200","ESB Q5 Front 200 — 2-Way Front System for Audi Q5","Title","Default Title","3500"
"ra-harmony-hb-104d-ii","Harmony HB 104D II — 4-Ch. Class D Amp, 4 x 150W (2 Ohm)","Title","Default Title","3500"
"ra-harmony-hb-154d-ii","Harmony HB 154D II — 4-Ch. Class D Amp, 4 x 200W (2 Ohm)","Title","Default Title","3500"
"ra-harmony-hb-410-ii-8a","Harmony HB 410 II 8A — 10-Ch. DSP/8-Ch. Class AB Amp, BT & Player","Title","Default Title","1500"
"ra-harmony-hb-46-ii-4a","Harmony HB 46 II 4A — 6-Ch. DSP/4-Ch. Class AB Amp, BT & Player","Title","Default Title","1500"
"ra-harmony-hb-48-ii-4a","Harmony HB 48 II 4A — 8-Ch. DSP/4-Ch. Class AB Amp, BT & Player","Title","Default Title","1500"
"ra-harmony-hb-501d-ii","Harmony HB 501D II — Mono Class D Amp, 1 x 500W (2 Ohm)","Title","Default Title","3500"
"ra-harmony-hb-68-ii","Harmony HB 68 II — 8-Ch. DSP, BT & Player","Title","Default Title","1500"
"ra-harmony-hb-810-ii-8ad","Harmony HB 810 II 8AD — 10-Ch DSP + 8-Ch Amp (4 A/B + 4 D), BT & Player","Title","Default Title","1500"
"ra-harmony-hb-84d","Harmony HB 84D — 4-channel Class-D amplifier","Title","Default Title","3500"
"ra-harmony-hb-cb20f","Harmony HB CB20F — 20-farad capacitor bank for high-demand systems","Title","Default Title","2500"
"ra-harmony-hb-dsp-r-ii","Harmony HB DSP R-II — Wired remote control for the Harmony Blue Note DSP","Title","Default Title","150"
"ra-harmony-hb-ms-q9p1","Harmony HB MS Q9P1 — 9-inch Android media station","Title","Default Title","2000"
"ra-harmony-hb1-10s4","Harmony HB1.10S4 — 10""/250 mm single 4 Ω voice-coil subwoofer","Title","Default Title","4500"
"ra-harmony-hb1-6c","Harmony HB1.6C — 6.5”/165 mm Coaxial","Title","Default Title","1500"
"ra-harmony-hb1-6k2x","Harmony HB1.6K2X — 2-Way Speaker System with 12dB Crossover","Title","Default Title","3500"
"ra-harmony-hr-10-us","Harmony HR 10 US — 10”/250 mm Underseat Active Subwoofer","Title","Default Title","4500"
"ra-harmony-hr-10-us-a","Harmony HR 10 US-A — 10”/250 mm Underseat Act. Sub for Android","Title","Default Title","4500"
"ra-harmony-hr-11-sw","Harmony HR 11 SW — 11”/280 mm Spare Wheel Active Subwoofer","Title","Default Title","4500"
"ra-harmony-hr-6-us-p","Harmony HR 6 US P — 6.5""/165 mm high-power active underseat subwoofer","Title","Default Title","4500"
"ra-harmony-q9p-m1d","Harmony Q9P-M1D — 9-inch 1-DIN installation mask for the Q9P media station","Title","Default Title","300"
"ra-zapco-adsp-z12-iv-10a","Zapco ADSP-Z12 IV-10A — Power 2Ω: 10 x 120W, 4Ω: 10 x 80W","Title","Default Title","1500"
"ra-zapco-adsp-z16-iv-12a","Zapco ADSP-Z16 IV-12A — Power 2Ω: 12 x 120W, 4Ω: 12 x 80W","Title","Default Title","1500"
"ra-zapco-asp-l2-bt","Zapco ASP-L2 BT — Line Driver","Title","Default Title","900"
"ra-zapco-asp-l2t","Zapco ASP-L2T — Transformer Adaptor 8 2,0 0,004","Title","Default Title","900"
"ra-zapco-asp-l6","Zapco ASP-L6 — Line Driver","Title","Default Title","900"
"ra-zapco-asp-oe2","Zapco ASP-OE2 — OEM Adapt","Title","Default Title","900"
"ra-zapco-asp-oe8","Zapco ASP-OE8 — OEM Adapt","Title","Default Title","900"
"ra-zapco-asp-oeb","Zapco ASP-OEB — OEM Adapt","Title","Default Title","900"
"ra-zapco-asp-q2","Zapco ASP-Q2 — Crossover","Title","Default Title","900"
"ra-zapco-asp-x2","Zapco ASP-X2 — Crossover","Title","Default Title","900"
"ra-zapco-asp-x4","Zapco ASP-X4 — Crossover","Title","Default Title","900"
"ra-zapco-dsp-z8-iv-at","Zapco DSP-Z8 IV AT — DSP, 8-Ch, optional HD-BT 4 9,2 0,032","Title","Default Title","1500"
"ra-zapco-hd-bt-ii-d","Zapco HD-BT II-D — Optional HD Bluetooth streaming module for the Zapco DSP-IV processors","Title","Default Title","250"
"ra-zapco-m-at1","Zapco M-AT1 — Auto-calibration measurement microphone for Zapco AutoTune DSPs","Title","Default Title","150"
"ra-zapco-ref-150-4","Zapco REF 150.4 — Class AB, 4-Ch","Title","Default Title","3500"
"ra-zapco-ref-150-6","Zapco REF 150.6 — Class AB, 6-Ch","Title","Default Title","3500"
"ra-zapco-ref-250-2","Zapco REF 250.2 — Class AB, 2-Ch","Title","Default Title","3500"
"ra-zapco-ref-500-1","Zapco REF 500.1 — Class AB, Mono","Title","Default Title","3500"
"ra-zapco-st-1000xm-iii","Zapco ST-1000XM III — Class D, Mono","Title","Default Title","3500"
"ra-zapco-st-104d-sq-iii","Zapco ST-104D SQ III — Class D, 4-Ch","Title","Default Title","3500"
"ra-zapco-st-105d","Zapco ST-105D — Class D, 5-Ch","Title","Default Title","3500"
"ra-zapco-st-1500xm-iii","Zapco ST-1500XM III — Class D, Mono","Title","Default Title","3500"
"ra-zapco-st-1b","Zapco ST-1B — Class AB, Mono","Title","Default Title","3500"
"ra-zapco-st-2000xm-iii","Zapco ST-2000XM III — Class D, Mono","Title","Default Title","3500"
"ra-zapco-st-204d-sq-iii","Zapco ST-204D SQ III — Class-D 4-channel SQ III amplifier","Title","Default Title","3500"
"ra-zapco-st-2b","Zapco ST-2B — Class AB, 2-Ch","Title","Default Title","3500"
"ra-zapco-st-2xp-sq-iii","Zapco ST-2XP SQ III — Class AB, 2-Ch","Title","Default Title","3500"
"ra-zapco-st-4b","Zapco ST-4B — Class AB, 4-Ch","Title","Default Title","3500"
"ra-zapco-st-4x-sq-iii","Zapco ST-4X SQ III — Class AB, 4-Ch","Title","Default Title","3500"
"ra-zapco-st-4xp-sq-iii","Zapco ST-4XP SQ III — Class AB, 4-Ch","Title","Default Title","3500"
"ra-zapco-st-500xm-iii","Zapco ST-500XM III — Class D, Mono","Title","Default Title","3500"
"ra-zapco-st-5b","Zapco ST-5B — Class AB, 5-Ch","Title","Default Title","3500"
"ra-zapco-st-6x-sq-iii","Zapco ST-6X SQ III — Class AB, 6-Ch","Title","Default Title","3500"
"ra-zapco-st-750d","Zapco ST-750D — Class D, Mono","Title","Default Title","3500"
"ra-zapco-st-br","Zapco ST-BR — Dash-mount bass level remote for Zapco ST-B series amplifiers","Title","Default Title","150"
"ra-zapco-z-1100-1-ap","Zapco Z-1100.1 AP — Class AB, Mono","Title","Default Title","3500"
"ra-zapco-z-150-2-ap","Zapco Z-150.2 AP — Class AB, 2-Ch","Title","Default Title","3500"
"ra-zapco-z-150-2-ii","Zapco Z-150.2 II — Class AB, 2-Ch","Title","Default Title","3500"
"ra-zapco-z-150-4-ap","Zapco Z-150.4 AP — Class AB, 4-Ch","Title","Default Title","3500"
"ra-zapco-z-150-4-ii","Zapco Z-150.4 II — Class AB, 4-Ch","Title","Default Title","3500"
"ra-zapco-z-150-6-ap","Zapco Z-150.6 AP — Class AB, 6-Ch","Title","Default Title","3500"
"ra-zapco-z-150-6-ii","Zapco Z-150.6 II — Class AB, 6-Ch","Title","Default Title","3500"
"ra-zapco-z-1kd-ii","Zapco Z-1KD II — Class D, Mono","Title","Default Title","3500"
"ra-zapco-z-2000-1-ap","Zapco Z-2000.1 AP — Class AB, Mono","Title","Default Title","3500"
"ra-zapco-z-2kd-ii","Zapco Z-2KD II — Class D, Mono","Title","Default Title","3500"
"ra-zapco-z-300-2-ap","Zapco Z-300.2 AP — Class AB, 2-Ch","Title","Default Title","3500"
"ra-zapco-z-3kd-ii","Zapco Z-3KD II — Class D, Mono","Title","Default Title","3500"
"ra-zapco-z-600-2-ap","Zapco Z-600.2 AP — Class AB, 2-Ch","Title","Default Title","3500"
"ra-zapco-z-br-ii","Zapco Z-BR II — Dash-mount bass level remote for Zapco Z-II series amplifiers","Title","Default Title","150"
"ra-zapco-z-cb100f","Zapco Z-CB100F — 100 Farad Super Capacitor Bank","Title","Default Title","2500"
"ra-zapco-z-otg-bt-c","Zapco Z-OTG-BT C — Hi-Res Audio Converter (OTG · aptX HD Bluetooth)","Title","Default Title","250"
"ra-zapco-z-ps110v-p100a","Zapco Z-PS110V P100A — AC-to-DC bench power supply","Title","Default Title","6000"
"ra-zapco-z-ps220v-p100a","Zapco Z-PS220V P100A — AC-to-DC bench power supply","Title","Default Title","6000"
